,Date_e,Title
0,2023-03-23,No title
1,2023-02-07,No title
2,2022-09-06,No title
3,2022-04-27,No title
4,2021-09-15,No title
5,2021-08-11,No title
6,2021-07-13,No title
7,2021-05-10,No title
8,2021-02-15,No title
9,2020-12-01,No title
10,2020-10-27,No title
11,2020-09-28,No title
12,2020-09-16,No title
13,2020-08-24,No title
14,2020-08-14,No title
15,2020-08-10,No title
16,2020-06-23,No title
17,2020-06-09,No title
18,2020-05-04,No title
19,2020-04-02,No title
20,2020-03-09,No title
21,2020-02-20,No title
22,2020-01-14,No title
23,2019-12-13,No title
24,2019-12-04,No title
